{
  "flex_normalization": "global_minmax",
  "global_ranges": {
    "flex1": {
      "min": 127.0,
      "max": 3802.0
    },
    "flex2": {
      "min": 0.0,
      "max": 2024.0
    },
    "flex3": {
      "min": 261.0,
      "max": 2247.0
    },
    "flex4": {
      "min": 117.0,
      "max": 2023.0
    },
    "flex5": {
      "min": 247.0,
      "max": 2295.0
    }
  },
  "imu_normalization": "global_standard_scaler",
  "imu_mean": [
    -7286.939149702654,
    8465.763789455626,
    2774.2614306953337,
    3507.5463432067704,
    -40.89118252516011,
    -231.78094407593778
  ],
  "imu_scale": [
    7827.812520478739,
    6988.890136792944,
    8757.539111249023,
    436.8337798591692,
    10841.137591388846,
    9391.606195691369
  ],
  "flex_cols": [
    "flex1",
    "flex2",
    "flex3",
    "flex4",
    "flex5"
  ],
  "imu_cols": [
    "ax",
    "ay",
    "az",
    "gx",
    "gy",
    "gz"
  ],
  "confidence_threshold": 0.7,
  "timesteps": 40
}